{
	"info": {
		"_postman_id": "9ab732d2-76b7-476d-9b5b-53516b691d6b",
		"name": "Salesforce API",
		"schema": "https://schema.getpostman.com/json/collection/v2.1.0/collection.json"
	},
	"item": [
		{
			"name": "SOAP Autentication API Request",
			"protocolProfileBehavior": {
				"disabledSystemHeaders": {
					"content-type": true
				}
			},
			"request": {
				"method": "POST",
				"header": [
					{
						"key": "Content-Type",
						"value": "text/xml",
						"type": "text"
					},
					{
						"key": "SOAPAction",
						"value": "-",
						"type": "text"
					}
				],
				"body": {
					"mode": "raw",
					"raw": "<?xml version=\"1.0\" encoding=\"utf-8\" ?>\r\n<env:Envelope xmlns:xsd=\"http://www.w3.org/2001/XMLSchema\"\r\n    xmlns:xsi=\"http://www.w3.org/2001/XMLSchema-instance\"\r\n    xmlns:env=\"http://schemas.xmlsoap.org/soap/envelope/\">\r\n  <env:Body>\r\n    <n1:login xmlns:n1=\"urn:enterprise.soap.sforce.com\">\r\n      <n1:username>dhanuka.shubham@brave-bear-1zteug.com</n1:username>\r\n      <n1:password>Dhanuka12@hlfGkKHBojlwjpfzaaEF4KbV</n1:password>\r\n    </n1:login>\r\n  </env:Body>\r\n</env:Envelope>\r\n",
					"options": {
						"raw": {
							"language": "xml"
						}
					}
				},
				"url": {
					"raw": "https://login.salesforce.com/services/Soap/c/50.0",
					"protocol": "https",
					"host": [
						"login",
						"salesforce",
						"com"
					],
					"path": [
						"services",
						"Soap",
						"c",
						"50.0"
					]
				}
			},
			"response": [
				{
					"name": "SOAP Autentication API Request",
					"originalRequest": {
						"method": "POST",
						"header": [
							{
								"key": "Content-Type",
								"value": "text/xml",
								"type": "text"
							},
							{
								"key": "SOAPAction",
								"value": "-",
								"type": "text"
							}
						],
						"body": {
							"mode": "raw",
							"raw": "<?xml version=\"1.0\" encoding=\"utf-8\" ?>\r\n<env:Envelope xmlns:xsd=\"http://www.w3.org/2001/XMLSchema\"\r\n    xmlns:xsi=\"http://www.w3.org/2001/XMLSchema-instance\"\r\n    xmlns:env=\"http://schemas.xmlsoap.org/soap/envelope/\">\r\n  <env:Body>\r\n    <n1:login xmlns:n1=\"urn:enterprise.soap.sforce.com\">\r\n      <n1:username>dhanuka.shubham@brave-bear-1zteug.com</n1:username>\r\n      <n1:password>Dhanuka12@hlfGkKHBojlwjpfzaaEF4KbV</n1:password>\r\n    </n1:login>\r\n  </env:Body>\r\n</env:Envelope>\r\n",
							"options": {
								"raw": {
									"language": "xml"
								}
							}
						},
						"url": {
							"raw": "https://login.salesforce.com/services/Soap/c/50.0",
							"protocol": "https",
							"host": [
								"login",
								"salesforce",
								"com"
							],
							"path": [
								"services",
								"Soap",
								"c",
								"50.0"
							]
						}
					},
					"status": "OK",
					"code": 200,
					"_postman_previewlanguage": "xml",
					"header": [
						{
							"key": "Date",
							"value": "Tue, 18 May 2021 03:49:23 GMT"
						},
						{
							"key": "Cache-Control",
							"value": "no-cache,must-revalidate,max-age=0,no-store,private"
						},
						{
							"key": "Content-Type",
							"value": "text/xml; charset=utf-8"
						},
						{
							"key": "Vary",
							"value": "Accept-Encoding"
						},
						{
							"key": "Content-Encoding",
							"value": "gzip"
						},
						{
							"key": "Content-Length",
							"value": "835"
						}
					],
					"cookie": [],
					"body": "<?xml version=\"1.0\" encoding=\"UTF-8\"?>\n<soapenv:Envelope xmlns:soapenv=\"http://schemas.xmlsoap.org/soap/envelope/\" xmlns=\"urn:enterprise.soap.sforce.com\" xmlns:xsi=\"http://www.w3.org/2001/XMLSchema-instance\">\n    <soapenv:Body>\n        <loginResponse>\n            <result>\n                <metadataServerUrl>https://brave-bear-1zteug-dev-ed.my.salesforce.com/services/Soap/m/50.0/00D5g000004yyFV</metadataServerUrl>\n                <passwordExpired>false</passwordExpired>\n                <sandbox>false</sandbox>\n                <serverUrl>https://brave-bear-1zteug-dev-ed.my.salesforce.com/services/Soap/c/50.0/00D5g000004yyFV</serverUrl>\n                <sessionId>00D5g000004yyFV!AQwAQKi.tyhJEL5Z_UoHpwfkjHogiqOrTYNewqIVlQUi6_lnec5iK1ldNYhFFOKJDgi7M8q3r2N6JBjd27PZ42zUbCAjoI1I</sessionId>\n                <userId>0055g000008Vkb8AAC</userId>\n                <userInfo>\n                    <accessibilityMode>false</accessibilityMode>\n                    <chatterExternal>false</chatterExternal>\n                    <currencySymbol>$</currencySymbol>\n                    <orgAttachmentFileSizeLimit>26214400</orgAttachmentFileSizeLimit>\n                    <orgDefaultCurrencyIsoCode>USD</orgDefaultCurrencyIsoCode>\n                    <orgDefaultCurrencyLocale>en_US</orgDefaultCurrencyLocale>\n                    <orgDisallowHtmlAttachments>false</orgDisallowHtmlAttachments>\n                    <orgHasPersonAccounts>false</orgHasPersonAccounts>\n                    <organizationId>00D5g000004yyFVEAY</organizationId>\n                    <organizationMultiCurrency>false</organizationMultiCurrency>\n                    <organizationName>TCS</organizationName>\n                    <profileId>00e5g0000031dR9AAI</profileId>\n                    <roleId xsi:nil=\"true\"/>\n                    <sessionSecondsValid>7200</sessionSecondsValid>\n                    <userDefaultCurrencyIsoCode xsi:nil=\"true\"/>\n                    <userEmail>shubhamdhanuka11@gmail.com</userEmail>\n                    <userFullName>Shubham Dhanuka</userFullName>\n                    <userId>0055g000008Vkb8AAC</userId>\n                    <userLanguage>en_US</userLanguage>\n                    <userLocale>en_US</userLocale>\n                    <userName>dhanuka.shubham@brave-bear-1zteug.com</userName>\n                    <userTimeZone>America/Los_Angeles</userTimeZone>\n                    <userType>Standard</userType>\n                    <userUiSkin>Theme3</userUiSkin>\n                </userInfo>\n            </result>\n        </loginResponse>\n    </soapenv:Body>\n</soapenv:Envelope>"
				}
			]
		},
		{
			"name": "SOAP reuqest GetAccount INFO",
			"request": {
				"method": "POST",
				"header": [
					{
						"key": "SOAPAction",
						"value": "-",
						"type": "text"
					},
					{
						"key": "Content-Type",
						"value": "text/xml",
						"type": "text"
					}
				],
				"body": {
					"mode": "raw",
					"raw": "<?xml version=\"1.0\" encoding=\"utf-8\"?>   \r\n<soapenv:Envelope xmlns:soapenv=\"http://schemas.xmlsoap.org/soap/envelope/\"\r\n   xmlns:urn=\"urn:enterprise.soap.sforce.com\">\r\n  <soapenv:Header>\r\n     <urn:SessionHeader>\r\n        <urn:sessionId>00D5g000004yyFV!AQwAQKi.tyhJEL5Z_UoHpwfkjHogiqOrTYNewqIVlQUi6_lnec5iK1ldNYhFFOKJDgi7M8q3r2N6JBjd27PZ42zUbCAjoI1I</urn:sessionId>\r\n     </urn:SessionHeader>\r\n  </soapenv:Header>\r\n  <soapenv:Body>\r\n     <urn:query>\r\n        <urn:queryString>SELECT id,Student_Name__c FROM Student__c </urn:queryString>\r\n     </urn:query>\r\n  </soapenv:Body>\r\n</soapenv:Envelope>\r\n",
					"options": {
						"raw": {
							"language": "xml"
						}
					}
				},
				"url": {
					"raw": "https://brave-bear-1zteug-dev-ed.my.salesforce.com/services/Soap/c/50.0/00D5g000004yyFV",
					"protocol": "https",
					"host": [
						"brave-bear-1zteug-dev-ed",
						"my",
						"salesforce",
						"com"
					],
					"path": [
						"services",
						"Soap",
						"c",
						"50.0",
						"00D5g000004yyFV"
					]
				}
			},
			"response": [
				{
					"name": "SOAP reuqest GetAccount INFO",
					"originalRequest": {
						"method": "POST",
						"header": [
							{
								"key": "SOAPAction",
								"value": "-",
								"type": "text"
							},
							{
								"key": "Content-Type",
								"value": "text/xml",
								"type": "text"
							}
						],
						"body": {
							"mode": "raw",
							"raw": "<?xml version=\"1.0\" encoding=\"utf-8\"?>   \r\n<soapenv:Envelope xmlns:soapenv=\"http://schemas.xmlsoap.org/soap/envelope/\"\r\n   xmlns:urn=\"urn:enterprise.soap.sforce.com\">\r\n  <soapenv:Header>\r\n     <urn:SessionHeader>\r\n        <urn:sessionId>00D5g000004yyFV!AQwAQKi.tyhJEL5Z_UoHpwfkjHogiqOrTYNewqIVlQUi6_lnec5iK1ldNYhFFOKJDgi7M8q3r2N6JBjd27PZ42zUbCAjoI1I</urn:sessionId>\r\n     </urn:SessionHeader>\r\n  </soapenv:Header>\r\n  <soapenv:Body>\r\n     <urn:query>\r\n        <urn:queryString>SELECT id,AccountNumber,Name FROM Account </urn:queryString>\r\n     </urn:query>\r\n  </soapenv:Body>\r\n</soapenv:Envelope>\r\n",
							"options": {
								"raw": {
									"language": "xml"
								}
							}
						},
						"url": {
							"raw": "https://brave-bear-1zteug-dev-ed.my.salesforce.com/services/Soap/c/50.0/00D5g000004yyFV",
							"protocol": "https",
							"host": [
								"brave-bear-1zteug-dev-ed",
								"my",
								"salesforce",
								"com"
							],
							"path": [
								"services",
								"Soap",
								"c",
								"50.0",
								"00D5g000004yyFV"
							]
						}
					},
					"status": "OK",
					"code": 200,
					"_postman_previewlanguage": "xml",
					"header": [
						{
							"key": "Date",
							"value": "Tue, 18 May 2021 03:53:25 GMT"
						},
						{
							"key": "Cache-Control",
							"value": "no-cache,must-revalidate,max-age=0,no-store,private"
						},
						{
							"key": "Content-Type",
							"value": "text/xml; charset=utf-8"
						},
						{
							"key": "Vary",
							"value": "Accept-Encoding"
						},
						{
							"key": "Content-Encoding",
							"value": "gzip"
						},
						{
							"key": "Transfer-Encoding",
							"value": "chunked"
						}
					],
					"cookie": [],
					"body": "<?xml version=\"1.0\" encoding=\"UTF-8\"?>\n<soapenv:Envelope xmlns:soapenv=\"http://schemas.xmlsoap.org/soap/envelope/\" xmlns=\"urn:enterprise.soap.sforce.com\" xmlns:xsi=\"http://www.w3.org/2001/XMLSchema-instance\" xmlns:sf=\"urn:sobject.enterprise.soap.sforce.com\">\n    <soapenv:Header>\n        <LimitInfoHeader>\n            <limitInfo>\n                <current>3</current>\n                <limit>15000</limit>\n                <type>API REQUESTS</type>\n            </limitInfo>\n        </LimitInfoHeader>\n    </soapenv:Header>\n    <soapenv:Body>\n        <queryResponse>\n            <result>\n                <done>true</done>\n                <queryLocator xsi:nil=\"true\"/>\n                <records xsi:type=\"sf:Account\">\n                    <sf:Id>0015g00000Cvck7AAB</sf:Id>\n                    <sf:AccountNumber>CD451796</sf:AccountNumber>\n                    <sf:Name>Edge Communications</sf:Name>\n                </records>\n                <records xsi:type=\"sf:Account\">\n                    <sf:Id>0015g00000Cvck8AAB</sf:Id>\n                    <sf:AccountNumber>CD656092</sf:AccountNumber>\n                    <sf:Name>Burlington Textiles Corp of America</sf:Name>\n                </records>\n                <records xsi:type=\"sf:Account\">\n                    <sf:Id>0015g00000Cvck9AAB</sf:Id>\n                    <sf:AccountNumber>CC213425</sf:AccountNumber>\n                    <sf:Name>Pyramid Construction Inc.</sf:Name>\n                </records>\n                <records xsi:type=\"sf:Account\">\n                    <sf:Id>0015g00000CvckAAAR</sf:Id>\n                    <sf:AccountNumber>CC634267</sf:AccountNumber>\n                    <sf:Name>Dickenson plc</sf:Name>\n                </records>\n                <records xsi:type=\"sf:Account\">\n                    <sf:Id>0015g00000CvckBAAR</sf:Id>\n                    <sf:AccountNumber>CD439877</sf:AccountNumber>\n                    <sf:Name>Grand Hotels &amp; Resorts Ltd</sf:Name>\n                </records>\n                <records xsi:type=\"sf:Account\">\n                    <sf:Id>0015g00000CvckCAAR</sf:Id>\n                    <sf:AccountNumber>CD355118</sf:AccountNumber>\n                    <sf:Name>United Oil &amp; Gas Corp.</sf:Name>\n                </records>\n                <records xsi:type=\"sf:Account\">\n                    <sf:Id>0015g00000CvckDAAR</sf:Id>\n                    <sf:AccountNumber>CC947211</sf:AccountNumber>\n                    <sf:Name>Express Logistics and Transport</sf:Name>\n                </records>\n                <records xsi:type=\"sf:Account\">\n                    <sf:Id>0015g00000CvckEAAR</sf:Id>\n                    <sf:AccountNumber>CD736025</sf:AccountNumber>\n                    <sf:Name>University of Arizona</sf:Name>\n                </records>\n                <records xsi:type=\"sf:Account\">\n                    <sf:Id>0015g00000CvckFAAR</sf:Id>\n                    <sf:AccountNumber>CD355119-A</sf:AccountNumber>\n                    <sf:Name>United Oil &amp; Gas, UK</sf:Name>\n                </records>\n                <records xsi:type=\"sf:Account\">\n                    <sf:Id>0015g00000CvckGAAR</sf:Id>\n                    <sf:AccountNumber>CD355120-B</sf:AccountNumber>\n                    <sf:Name>United Oil &amp; Gas, Singapore</sf:Name>\n                </records>\n                <records xsi:type=\"sf:Account\">\n                    <sf:Id>0015g00000CvckHAAR</sf:Id>\n                    <sf:AccountNumber>CC978213</sf:AccountNumber>\n                    <sf:Name>GenePoint</sf:Name>\n                </records>\n                <records xsi:type=\"sf:Account\">\n                    <sf:Id>0015g00000CvckIAAR</sf:Id>\n                    <sf:Name>sForce</sf:Name>\n                </records>\n                <records xsi:type=\"sf:Account\">\n                    <sf:Id>0015g00000CkuueAAB</sf:Id>\n                    <sf:Name>Sample Account for Entitlements</sf:Name>\n                </records>\n                <size>13</size>\n            </result>\n        </queryResponse>\n    </soapenv:Body>\n</soapenv:Envelope>"
				},
				{
					"name": "SOAP reuqest get Custom Object INFO",
					"originalRequest": {
						"method": "POST",
						"header": [
							{
								"key": "SOAPAction",
								"value": "-",
								"type": "text"
							},
							{
								"key": "Content-Type",
								"value": "text/xml",
								"type": "text"
							}
						],
						"body": {
							"mode": "raw",
							"raw": "<?xml version=\"1.0\" encoding=\"utf-8\"?>   \r\n<soapenv:Envelope xmlns:soapenv=\"http://schemas.xmlsoap.org/soap/envelope/\"\r\n   xmlns:urn=\"urn:enterprise.soap.sforce.com\">\r\n  <soapenv:Header>\r\n     <urn:SessionHeader>\r\n        <urn:sessionId>00D5g000004yyFV!AQwAQKi.tyhJEL5Z_UoHpwfkjHogiqOrTYNewqIVlQUi6_lnec5iK1ldNYhFFOKJDgi7M8q3r2N6JBjd27PZ42zUbCAjoI1I</urn:sessionId>\r\n     </urn:SessionHeader>\r\n  </soapenv:Header>\r\n  <soapenv:Body>\r\n     <urn:query>\r\n        <urn:queryString>SELECT id,Student_Name__c FROM Student__c </urn:queryString>\r\n     </urn:query>\r\n  </soapenv:Body>\r\n</soapenv:Envelope>\r\n",
							"options": {
								"raw": {
									"language": "xml"
								}
							}
						},
						"url": {
							"raw": "https://brave-bear-1zteug-dev-ed.my.salesforce.com/services/Soap/c/50.0/00D5g000004yyFV",
							"protocol": "https",
							"host": [
								"brave-bear-1zteug-dev-ed",
								"my",
								"salesforce",
								"com"
							],
							"path": [
								"services",
								"Soap",
								"c",
								"50.0",
								"00D5g000004yyFV"
							]
						}
					},
					"status": "OK",
					"code": 200,
					"_postman_previewlanguage": "xml",
					"header": [
						{
							"key": "Date",
							"value": "Tue, 18 May 2021 04:10:23 GMT"
						},
						{
							"key": "Cache-Control",
							"value": "no-cache,must-revalidate,max-age=0,no-store,private"
						},
						{
							"key": "Content-Type",
							"value": "text/xml; charset=utf-8"
						},
						{
							"key": "Vary",
							"value": "Accept-Encoding"
						},
						{
							"key": "Content-Encoding",
							"value": "gzip"
						},
						{
							"key": "Transfer-Encoding",
							"value": "chunked"
						}
					],
					"cookie": [],
					"body": "<?xml version=\"1.0\" encoding=\"UTF-8\"?>\n<soapenv:Envelope xmlns:soapenv=\"http://schemas.xmlsoap.org/soap/envelope/\" xmlns=\"urn:enterprise.soap.sforce.com\" xmlns:xsi=\"http://www.w3.org/2001/XMLSchema-instance\" xmlns:sf=\"urn:sobject.enterprise.soap.sforce.com\">\n    <soapenv:Header>\n        <LimitInfoHeader>\n            <limitInfo>\n                <current>4</current>\n                <limit>15000</limit>\n                <type>API REQUESTS</type>\n            </limitInfo>\n        </LimitInfoHeader>\n    </soapenv:Header>\n    <soapenv:Body>\n        <queryResponse>\n            <result>\n                <done>true</done>\n                <queryLocator xsi:nil=\"true\"/>\n                <records xsi:type=\"sf:Student__c\">\n                    <sf:Id>a015g00000KbSpyAAF</sf:Id>\n                    <sf:Student_Name__c>Shubham</sf:Student_Name__c>\n                </records>\n                <records xsi:type=\"sf:Student__c\">\n                    <sf:Id>a015g00000KbSpzAAF</sf:Id>\n                    <sf:Student_Name__c>Rahul</sf:Student_Name__c>\n                </records>\n                <size>2</size>\n            </result>\n        </queryResponse>\n    </soapenv:Body>\n</soapenv:Envelope>"
				}
			]
		},
		{
			"name": "SOAP request insert data",
			"request": {
				"method": "POST",
				"header": [
					{
						"key": "SOAPAction",
						"value": "-",
						"type": "text"
					},
					{
						"key": "Content-Type",
						"value": "text/xml",
						"type": "text"
					}
				],
				"body": {
					"mode": "raw",
					"raw": "<?xml version=\"1.0\" encoding=\"utf-8\"?>   \r\n<soapenv:Envelope xmlns:soapenv=\"http://schemas.xmlsoap.org/soap/envelope/\"\r\n  xmlns:urn=\"urn:enterprise.soap.sforce.com\"\r\n  xmlns:urn1=\"urn:sobject.enterprise.soap.sforce.com\"\r\n  xmlns:xsi=\"http://www.w3.org/2001/XMLSchema-instance\">\r\n  <soapenv:Header>\r\n     <urn:SessionHeader>\r\n        <urn:sessionId>00D5g000004yyFV!AQwAQKi.tyhJEL5Z_UoHpwfkjHogiqOrTYNewqIVlQUi6_lnec5iK1ldNYhFFOKJDgi7M8q3r2N6JBjd27PZ42zUbCAjoI1I</urn:sessionId>\r\n     </urn:SessionHeader>\r\n     <urn:MruHeader>\r\n         <urn:updateMru>true</urn:updateMru>\r\n     </urn:MruHeader>\r\n  </soapenv:Header>\r\n  <soapenv:Body>\r\n    <urn:create>\r\n        <urn:sObjects xsi:type=\"urn1:Student__c\">\r\n            <Student_Name__c> Sim Aulakh 3</Student_Name__c>\r\n            <Phone__c> 4567890000 </Phone__c>\r\n            <School__c>a025g000002w1tDAAQ</School__c>\r\n            <Class_Enrolled__c>7</Class_Enrolled__c>\r\n        </urn:sObjects>\r\n    </urn:create>\r\n  </soapenv:Body>\r\n</soapenv:Envelope>\r\n",
					"options": {
						"raw": {
							"language": "xml"
						}
					}
				},
				"url": {
					"raw": "https://brave-bear-1zteug-dev-ed.my.salesforce.com/services/Soap/c/50.0/00D5g000004yyFV",
					"protocol": "https",
					"host": [
						"brave-bear-1zteug-dev-ed",
						"my",
						"salesforce",
						"com"
					],
					"path": [
						"services",
						"Soap",
						"c",
						"50.0",
						"00D5g000004yyFV"
					]
				}
			},
			"response": [
				{
					"name": "SOAP request insert data",
					"originalRequest": {
						"method": "POST",
						"header": [
							{
								"key": "SOAPAction",
								"value": "-",
								"type": "text"
							},
							{
								"key": "Content-Type",
								"value": "text/xml",
								"type": "text"
							}
						],
						"body": {
							"mode": "raw",
							"raw": "<?xml version=\"1.0\" encoding=\"utf-8\"?>   \r\n<soapenv:Envelope xmlns:soapenv=\"http://schemas.xmlsoap.org/soap/envelope/\"\r\n  xmlns:urn=\"urn:enterprise.soap.sforce.com\"\r\n  xmlns:urn1=\"urn:sobject.enterprise.soap.sforce.com\"\r\n  xmlns:xsi=\"http://www.w3.org/2001/XMLSchema-instance\">\r\n  <soapenv:Header>\r\n     <urn:SessionHeader>\r\n        <urn:sessionId>00D5g000004yyFV!AQwAQKi.tyhJEL5Z_UoHpwfkjHogiqOrTYNewqIVlQUi6_lnec5iK1ldNYhFFOKJDgi7M8q3r2N6JBjd27PZ42zUbCAjoI1I</urn:sessionId>\r\n     </urn:SessionHeader>\r\n     <urn:MruHeader>\r\n         <urn:updateMru>true</urn:updateMru>\r\n     </urn:MruHeader>\r\n  </soapenv:Header>\r\n  <soapenv:Body>\r\n    <urn:create>\r\n        <urn:sObjects xsi:type=\"urn1:Student__c\">\r\n            <Student_Name__c> Sim Aulakh </Student_Name__c>\r\n            <Phone__c> 4567890000 </Phone__c>\r\n            <School__c>a025g000002w1tDAAQ</School__c>\r\n            <Class_Enrolled__c>7</Class_Enrolled__c>\r\n        </urn:sObjects>\r\n    </urn:create>\r\n  </soapenv:Body>\r\n</soapenv:Envelope>\r\n",
							"options": {
								"raw": {
									"language": "xml"
								}
							}
						},
						"url": {
							"raw": "https://brave-bear-1zteug-dev-ed.my.salesforce.com/services/Soap/c/50.0/00D5g000004yyFV",
							"protocol": "https",
							"host": [
								"brave-bear-1zteug-dev-ed",
								"my",
								"salesforce",
								"com"
							],
							"path": [
								"services",
								"Soap",
								"c",
								"50.0",
								"00D5g000004yyFV"
							]
						}
					},
					"status": "OK",
					"code": 200,
					"_postman_previewlanguage": "xml",
					"header": [
						{
							"key": "Date",
							"value": "Tue, 18 May 2021 04:19:10 GMT"
						},
						{
							"key": "Cache-Control",
							"value": "no-cache,must-revalidate,max-age=0,no-store,private"
						},
						{
							"key": "Content-Type",
							"value": "text/xml; charset=utf-8"
						},
						{
							"key": "Vary",
							"value": "Accept-Encoding"
						},
						{
							"key": "Content-Encoding",
							"value": "gzip"
						},
						{
							"key": "Transfer-Encoding",
							"value": "chunked"
						}
					],
					"cookie": [],
					"body": "<?xml version=\"1.0\" encoding=\"UTF-8\"?>\n<soapenv:Envelope xmlns:soapenv=\"http://schemas.xmlsoap.org/soap/envelope/\" xmlns=\"urn:enterprise.soap.sforce.com\">\n    <soapenv:Header>\n        <LimitInfoHeader>\n            <limitInfo>\n                <current>6</current>\n                <limit>15000</limit>\n                <type>API REQUESTS</type>\n            </limitInfo>\n        </LimitInfoHeader>\n    </soapenv:Header>\n    <soapenv:Body>\n        <createResponse>\n            <result>\n                <id>a015g00000KbVUQAA3</id>\n                <success>true</success>\n            </result>\n        </createResponse>\n    </soapenv:Body>\n</soapenv:Envelope>"
				}
			]
		},
		{
			"name": "SOAP request insert in Multiple Object, Multiple Record",
			"request": {
				"method": "POST",
				"header": [
					{
						"key": "SOAPAction",
						"value": "-",
						"type": "text"
					},
					{
						"key": "Content-Type",
						"value": "text/xml",
						"type": "text"
					}
				],
				"body": {
					"mode": "raw",
					"raw": "<?xml version=\"1.0\" encoding=\"utf-8\"?>   \r\n<soapenv:Envelope xmlns:soapenv=\"http://schemas.xmlsoap.org/soap/envelope/\"\r\n  xmlns:urn=\"urn:enterprise.soap.sforce.com\"\r\n  xmlns:urn1=\"urn:sobject.enterprise.soap.sforce.com\"\r\n  xmlns:xsi=\"http://www.w3.org/2001/XMLSchema-instance\">\r\n  <soapenv:Header>\r\n     <urn:SessionHeader>\r\n        <urn:sessionId>00D5g000004yyFV!AQwAQKi.tyhJEL5Z_UoHpwfkjHogiqOrTYNewqIVlQUi6_lnec5iK1ldNYhFFOKJDgi7M8q3r2N6JBjd27PZ42zUbCAjoI1I</urn:sessionId>\r\n     </urn:SessionHeader>\r\n     <urn:MruHeader>\r\n         <urn:updateMru>true</urn:updateMru>\r\n     </urn:MruHeader>\r\n  </soapenv:Header>\r\n  <soapenv:Body>\r\n    <urn:create>\r\n        <urn:sObjects xsi:type=\"urn1:Student__c\">\r\n            <Student_Name__c> Sim Aulakh 3</Student_Name__c>\r\n            <Phone__c> 4567890000 </Phone__c>\r\n            <School__c>a025g000002w1tDAAQ</School__c>\r\n            <Class_Enrolled__c>7</Class_Enrolled__c>\r\n        </urn:sObjects>\r\n         <urn:sObjects xsi:type=\"urn1:Student__c\">\r\n            <Student_Name__c> Sim Aulakh 4</Student_Name__c>\r\n            <Phone__c> 4567890000 </Phone__c>\r\n            <School__c>a025g000002w1tDAAQ</School__c>\r\n            <Class_Enrolled__c>7</Class_Enrolled__c>\r\n        </urn:sObjects>\r\n             <urn:sObjects xsi:type=\"urn1:School__c\">\r\n            <Name> RaghuNath  </Name>\r\n            <School_Phone__c> 4567890000 </School_Phone__c>\r\n            <School_Email__c>shubham@gmail.com</School_Email__c>\r\n        </urn:sObjects>\r\n    </urn:create>\r\n  </soapenv:Body>\r\n</soapenv:Envelope>\r\n",
					"options": {
						"raw": {
							"language": "xml"
						}
					}
				},
				"url": {
					"raw": "https://brave-bear-1zteug-dev-ed.my.salesforce.com/services/Soap/c/50.0/00D5g000004yyFV",
					"protocol": "https",
					"host": [
						"brave-bear-1zteug-dev-ed",
						"my",
						"salesforce",
						"com"
					],
					"path": [
						"services",
						"Soap",
						"c",
						"50.0",
						"00D5g000004yyFV"
					]
				}
			},
			"response": [
				{
					"name": "SOAP request insert in Multiple Object, Multiple Record",
					"originalRequest": {
						"method": "POST",
						"header": [
							{
								"key": "SOAPAction",
								"value": "-",
								"type": "text"
							},
							{
								"key": "Content-Type",
								"value": "text/xml",
								"type": "text"
							}
						],
						"body": {
							"mode": "raw",
							"raw": "<?xml version=\"1.0\" encoding=\"utf-8\"?>   \r\n<soapenv:Envelope xmlns:soapenv=\"http://schemas.xmlsoap.org/soap/envelope/\"\r\n  xmlns:urn=\"urn:enterprise.soap.sforce.com\"\r\n  xmlns:urn1=\"urn:sobject.enterprise.soap.sforce.com\"\r\n  xmlns:xsi=\"http://www.w3.org/2001/XMLSchema-instance\">\r\n  <soapenv:Header>\r\n     <urn:SessionHeader>\r\n        <urn:sessionId>00D5g000004yyFV!AQwAQKi.tyhJEL5Z_UoHpwfkjHogiqOrTYNewqIVlQUi6_lnec5iK1ldNYhFFOKJDgi7M8q3r2N6JBjd27PZ42zUbCAjoI1I</urn:sessionId>\r\n     </urn:SessionHeader>\r\n     <urn:MruHeader>\r\n         <urn:updateMru>true</urn:updateMru>\r\n     </urn:MruHeader>\r\n  </soapenv:Header>\r\n  <soapenv:Body>\r\n    <urn:create>\r\n        <urn:sObjects xsi:type=\"urn1:Student__c\">\r\n            <Student_Name__c> Sim Aulakh 3</Student_Name__c>\r\n            <Phone__c> 4567890000 </Phone__c>\r\n            <School__c>a025g000002w1tDAAQ</School__c>\r\n            <Class_Enrolled__c>7</Class_Enrolled__c>\r\n        </urn:sObjects>\r\n         <urn:sObjects xsi:type=\"urn1:Student__c\">\r\n            <Student_Name__c> Sim Aulakh 4</Student_Name__c>\r\n            <Phone__c> 4567890000 </Phone__c>\r\n            <School__c>a025g000002w1tDAAQ</School__c>\r\n            <Class_Enrolled__c>7</Class_Enrolled__c>\r\n        </urn:sObjects>\r\n             <urn:sObjects xsi:type=\"urn1:School__c\">\r\n            <Name> RaghuNath  </Name>\r\n            <School_Phone__c> 4567890000 </School_Phone__c>\r\n            <School_Email__c>shubham@gmail.com</School_Email__c>\r\n        </urn:sObjects>\r\n    </urn:create>\r\n  </soapenv:Body>\r\n</soapenv:Envelope>\r\n",
							"options": {
								"raw": {
									"language": "xml"
								}
							}
						},
						"url": {
							"raw": "https://brave-bear-1zteug-dev-ed.my.salesforce.com/services/Soap/c/50.0/00D5g000004yyFV",
							"protocol": "https",
							"host": [
								"brave-bear-1zteug-dev-ed",
								"my",
								"salesforce",
								"com"
							],
							"path": [
								"services",
								"Soap",
								"c",
								"50.0",
								"00D5g000004yyFV"
							]
						}
					},
					"status": "OK",
					"code": 200,
					"_postman_previewlanguage": "xml",
					"header": [
						{
							"key": "Date",
							"value": "Tue, 18 May 2021 04:44:03 GMT"
						},
						{
							"key": "Cache-Control",
							"value": "no-cache,must-revalidate,max-age=0,no-store,private"
						},
						{
							"key": "Content-Type",
							"value": "text/xml; charset=utf-8"
						},
						{
							"key": "Vary",
							"value": "Accept-Encoding"
						},
						{
							"key": "Content-Encoding",
							"value": "gzip"
						},
						{
							"key": "Transfer-Encoding",
							"value": "chunked"
						}
					],
					"cookie": [],
					"body": "<?xml version=\"1.0\" encoding=\"UTF-8\"?>\n<soapenv:Envelope xmlns:soapenv=\"http://schemas.xmlsoap.org/soap/envelope/\" xmlns=\"urn:enterprise.soap.sforce.com\">\n    <soapenv:Header>\n        <LimitInfoHeader>\n            <limitInfo>\n                <current>10</current>\n                <limit>15000</limit>\n                <type>API REQUESTS</type>\n            </limitInfo>\n        </LimitInfoHeader>\n    </soapenv:Header>\n    <soapenv:Body>\n        <createResponse>\n            <result>\n                <id>a015g00000KbVZ2AAN</id>\n                <success>true</success>\n            </result>\n            <result>\n                <id>a015g00000KbVZ3AAN</id>\n                <success>true</success>\n            </result>\n            <result>\n                <id>a025g000002w2UwAAI</id>\n                <success>true</success>\n            </result>\n        </createResponse>\n    </soapenv:Body>\n</soapenv:Envelope>"
				}
			]
		},
		{
			"name": "SOAP Class Exposed & Fetch Record Data",
			"request": {
				"method": "POST",
				"header": [
					{
						"key": "SOAPAction",
						"value": "-",
						"type": "text"
					},
					{
						"key": "Content-Type",
						"value": "text/xml",
						"type": "text"
					}
				],
				"body": {
					"mode": "raw",
					"raw": "<?xml version=\"1.0\" encoding=\"utf-8\"?>   \r\n<soapenv:Envelope xmlns:soapenv=\"http://schemas.xmlsoap.org/soap/envelope/\"\r\n   xmlns=\"http://soap.sforce.com/schemas/class/StudentSoapService\">\r\n  <soapenv:Header>\r\n     <SessionHeader>\r\n        <sessionId>00D5g000004yyFV!AQwAQKi.tyhJEL5Z_UoHpwfkjHogiqOrTYNewqIVlQUi6_lnec5iK1ldNYhFFOKJDgi7M8q3r2N6JBjd27PZ42zUbCAjoI1I\r\n        </sessionId>\r\n     </SessionHeader>\r\n  </soapenv:Header>\r\n<soapenv:Body>\r\n     <getStudentById>\r\n        <stdId>a015g00000KbVZ3AAN</stdId>\r\n     </getStudentById>\r\n  </soapenv:Body>\r\n</soapenv:Envelope>",
					"options": {
						"raw": {
							"language": "xml"
						}
					}
				},
				"url": {
					"raw": "https://brave-bear-1zteug-dev-ed.my.salesforce.com/services/Soap/class/StudentSoapService",
					"protocol": "https",
					"host": [
						"brave-bear-1zteug-dev-ed",
						"my",
						"salesforce",
						"com"
					],
					"path": [
						"services",
						"Soap",
						"class",
						"StudentSoapService"
					]
				}
			},
			"response": [
				{
					"name": "SOAP Class Exposed & Fetch Record Data",
					"originalRequest": {
						"method": "POST",
						"header": [
							{
								"key": "SOAPAction",
								"value": "-",
								"type": "text"
							},
							{
								"key": "Content-Type",
								"value": "text/xml",
								"type": "text"
							}
						],
						"body": {
							"mode": "raw",
							"raw": "<?xml version=\"1.0\" encoding=\"utf-8\"?>   \r\n<soapenv:Envelope xmlns:soapenv=\"http://schemas.xmlsoap.org/soap/envelope/\"\r\n   xmlns=\"http://soap.sforce.com/schemas/class/StudentSoapService\">\r\n  <soapenv:Header>\r\n     <SessionHeader>\r\n        <sessionId>00D5g000004yyFV!AQwAQKi.tyhJEL5Z_UoHpwfkjHogiqOrTYNewqIVlQUi6_lnec5iK1ldNYhFFOKJDgi7M8q3r2N6JBjd27PZ42zUbCAjoI1I\r\n        </sessionId>\r\n     </SessionHeader>\r\n  </soapenv:Header>\r\n  <soapenv:Body>\r\n     <getStudentById>\r\n        <stdId>a015g00000KbVZ3AAN</stdId>\r\n     </getStudentById>\r\n  </soapenv:Body>\r\n</soapenv:Envelope>",
							"options": {
								"raw": {
									"language": "xml"
								}
							}
						},
						"url": {
							"raw": "https://brave-bear-1zteug-dev-ed.my.salesforce.com/services/Soap/class/StudentSoapService",
							"protocol": "https",
							"host": [
								"brave-bear-1zteug-dev-ed",
								"my",
								"salesforce",
								"com"
							],
							"path": [
								"services",
								"Soap",
								"class",
								"StudentSoapService"
							]
						}
					},
					"status": "OK",
					"code": 200,
					"_postman_previewlanguage": "xml",
					"header": [
						{
							"key": "Date",
							"value": "Tue, 18 May 2021 07:06:11 GMT"
						},
						{
							"key": "Cache-Control",
							"value": "no-cache,must-revalidate,max-age=0,no-store,private"
						},
						{
							"key": "Content-Type",
							"value": "text/xml; charset=utf-8"
						},
						{
							"key": "Vary",
							"value": "Accept-Encoding"
						},
						{
							"key": "Content-Encoding",
							"value": "gzip"
						},
						{
							"key": "Transfer-Encoding",
							"value": "chunked"
						}
					],
					"cookie": [],
					"body": "<?xml version=\"1.0\" encoding=\"UTF-8\"?>\n<soapenv:Envelope xmlns:soapenv=\"http://schemas.xmlsoap.org/soap/envelope/\" xmlns=\"http://soap.sforce.com/schemas/class/StudentSoapService\" xmlns:xsi=\"http://www.w3.org/2001/XMLSchema-instance\">\n    <soapenv:Body>\n        <getStudentByIdResponse>\n            <result xsi:type=\"Student__c\">\n                <Id>a015g00000KbVZ3AAN</Id>\n                <Student_Name__c>Sim Aulakh 4</Student_Name__c>\n            </result>\n        </getStudentByIdResponse>\n    </soapenv:Body>\n</soapenv:Envelope>"
				}
			]
		},
		{
			"name": "SOAP Class Exposed & Fetch All record data",
			"request": {
				"method": "POST",
				"header": [
					{
						"key": "SOAPAction",
						"value": "-",
						"type": "text"
					},
					{
						"key": "Content-Type",
						"value": "text/xml",
						"type": "text"
					}
				],
				"body": {
					"mode": "raw",
					"raw": "<?xml version=\"1.0\" encoding=\"utf-8\"?>   \r\n<soapenv:Envelope xmlns:soapenv=\"http://schemas.xmlsoap.org/soap/envelope/\"\r\n   xmlns=\"http://soap.sforce.com/schemas/class/SoapServices\">\r\n  <soapenv:Header>\r\n     <SessionHeader>\r\n        <sessionId>00D5g000004yyFV!AQwAQKi.tyhJEL5Z_UoHpwfkjHogiqOrTYNewqIVlQUi6_lnec5iK1ldNYhFFOKJDgi7M8q3r2N6JBjd27PZ42zUbCAjoI1I\r\n        </sessionId>\r\n     </SessionHeader>\r\n  </soapenv:Header>\r\n  <soapenv:Body>\r\n     <getAccount>\r\n     </getAccount>\r\n  </soapenv:Body>\r\n</soapenv:Envelope>",
					"options": {
						"raw": {
							"language": "xml"
						}
					}
				},
				"url": {
					"raw": "https://brave-bear-1zteug-dev-ed.my.salesforce.com/services/Soap/class/SoapServices",
					"protocol": "https",
					"host": [
						"brave-bear-1zteug-dev-ed",
						"my",
						"salesforce",
						"com"
					],
					"path": [
						"services",
						"Soap",
						"class",
						"SoapServices"
					]
				}
			},
			"response": [
				{
					"name": "SOAP Class Exposed & Fetch Record Data",
					"originalRequest": {
						"method": "POST",
						"header": [
							{
								"key": "SOAPAction",
								"value": "-",
								"type": "text"
							},
							{
								"key": "Content-Type",
								"value": "text/xml",
								"type": "text"
							}
						],
						"body": {
							"mode": "raw",
							"raw": "<?xml version=\"1.0\" encoding=\"utf-8\"?>   \r\n<soapenv:Envelope xmlns:soapenv=\"http://schemas.xmlsoap.org/soap/envelope/\"\r\n   xmlns=\"http://soap.sforce.com/schemas/class/SoapServices\">\r\n  <soapenv:Header>\r\n     <SessionHeader>\r\n        <sessionId>00D5g000004yyFV!AQwAQKi.tyhJEL5Z_UoHpwfkjHogiqOrTYNewqIVlQUi6_lnec5iK1ldNYhFFOKJDgi7M8q3r2N6JBjd27PZ42zUbCAjoI1I\r\n        </sessionId>\r\n     </SessionHeader>\r\n  </soapenv:Header>\r\n  <soapenv:Body>\r\n     <getAccount>\r\n     </getAccount>\r\n  </soapenv:Body>\r\n</soapenv:Envelope>",
							"options": {
								"raw": {
									"language": "xml"
								}
							}
						},
						"url": {
							"raw": "https://brave-bear-1zteug-dev-ed.my.salesforce.com/services/Soap/class/SoapServices",
							"protocol": "https",
							"host": [
								"brave-bear-1zteug-dev-ed",
								"my",
								"salesforce",
								"com"
							],
							"path": [
								"services",
								"Soap",
								"class",
								"SoapServices"
							]
						}
					},
					"status": "OK",
					"code": 200,
					"_postman_previewlanguage": "xml",
					"header": [
						{
							"key": "Date",
							"value": "Tue, 18 May 2021 07:08:31 GMT"
						},
						{
							"key": "Cache-Control",
							"value": "no-cache,must-revalidate,max-age=0,no-store,private"
						},
						{
							"key": "Content-Type",
							"value": "text/xml; charset=utf-8"
						},
						{
							"key": "Vary",
							"value": "Accept-Encoding"
						},
						{
							"key": "Content-Encoding",
							"value": "gzip"
						},
						{
							"key": "Transfer-Encoding",
							"value": "chunked"
						}
					],
					"cookie": [],
					"body": "<?xml version=\"1.0\" encoding=\"UTF-8\"?>\n<soapenv:Envelope xmlns:soapenv=\"http://schemas.xmlsoap.org/soap/envelope/\" xmlns=\"http://soap.sforce.com/schemas/class/SoapServices\" xmlns:xsi=\"http://www.w3.org/2001/XMLSchema-instance\">\n    <soapenv:Body>\n        <getAccountResponse>\n            <result xsi:type=\"Account\">\n                <Id>0015g00000Cvck7AAB</Id>\n                <Name>Edge Communications</Name>\n            </result>\n            <result xsi:type=\"Account\">\n                <Id>0015g00000Cvck8AAB</Id>\n                <Name>Burlington Textiles Corp of America</Name>\n            </result>\n            <result xsi:type=\"Account\">\n                <Id>0015g00000Cvck9AAB</Id>\n                <Name>Pyramid Construction Inc.</Name>\n            </result>\n            <result xsi:type=\"Account\">\n                <Id>0015g00000CvckAAAR</Id>\n                <Name>Dickenson plc</Name>\n            </result>\n            <result xsi:type=\"Account\">\n                <Id>0015g00000CvckBAAR</Id>\n                <Name>Grand Hotels &amp; Resorts Ltd</Name>\n            </result>\n            <result xsi:type=\"Account\">\n                <Id>0015g00000CvckCAAR</Id>\n                <Name>United Oil &amp; Gas Corp.</Name>\n            </result>\n            <result xsi:type=\"Account\">\n                <Id>0015g00000CvckDAAR</Id>\n                <Name>Express Logistics and Transport</Name>\n            </result>\n            <result xsi:type=\"Account\">\n                <Id>0015g00000CvckEAAR</Id>\n                <Name>University of Arizona</Name>\n            </result>\n            <result xsi:type=\"Account\">\n                <Id>0015g00000CvckFAAR</Id>\n                <Name>United Oil &amp; Gas, UK</Name>\n            </result>\n            <result xsi:type=\"Account\">\n                <Id>0015g00000CvckGAAR</Id>\n                <Name>United Oil &amp; Gas, Singapore</Name>\n            </result>\n            <result xsi:type=\"Account\">\n                <Id>0015g00000CvckHAAR</Id>\n                <Name>GenePoint</Name>\n            </result>\n            <result xsi:type=\"Account\">\n                <Id>0015g00000CvckIAAR</Id>\n                <Name>sForce</Name>\n            </result>\n            <result xsi:type=\"Account\">\n                <Id>0015g00000CkuueAAB</Id>\n                <Name>Sample Account for Entitlements</Name>\n            </result>\n        </getAccountResponse>\n    </soapenv:Body>\n</soapenv:Envelope>"
				}
			]
		},
		{
			"name": "Rest Authentication API Request",
			"request": {
				"method": "POST",
				"header": [
					{
						"key": "SOAPAction",
						"value": "-",
						"type": "text",
						"disabled": true
					},
					{
						"key": "Content-Type",
						"value": "text/xml",
						"type": "text"
					}
				],
				"body": {
					"mode": "raw",
					"raw": "<?xml version=\"1.0\" encoding=\"utf-8\"?>   \r\n<soapenv:Envelope xmlns:soapenv=\"http://schemas.xmlsoap.org/soap/envelope/\"\r\n   xmlns=\"http://soap.sforce.com/schemas/class/SoapServices\">\r\n  <soapenv:Header>\r\n     <SessionHeader>\r\n        <sessionId>00D5g000004yyFV!AQwAQKi.tyhJEL5Z_UoHpwfkjHogiqOrTYNewqIVlQUi6_lnec5iK1ldNYhFFOKJDgi7M8q3r2N6JBjd27PZ42zUbCAjoI1I</sessionId>\r\n     </SessionHeader>\r\n  </soapenv:Header>\r\n  <soapenv:Body>\r\n     <getRecord>\r\n     </getRecord>\r\n  </soapenv:Body>\r\n</soapenv:Envelope>",
					"options": {
						"raw": {
							"language": "xml"
						}
					}
				},
				"url": {
					"raw": "https://login.salesforce.com/services/oauth2/token?grant_type=password&client_id=3MVG9fe4g9fhX0E5aqHBK6CdKcfnwdAG5SkWPu0KN9zP.ymCIU2eX8O6enjseDQE5O3PehOPWE_7iSm7bHtNw&client_secret=55A3E105FB1C8A818A7C592DECCDABD45D0E5EA6C06233DE127F46A8C5F3AD1A\n&username=dhanuka.shubham@brave-bear-1zteug.com&password=Dhanuka12@hlfGkKHBojlwjpfzaaEF4KbV",
					"protocol": "https",
					"host": [
						"login",
						"salesforce",
						"com"
					],
					"path": [
						"services",
						"oauth2",
						"token"
					],
					"query": [
						{
							"key": "grant_type",
							"value": "password"
						},
						{
							"key": "client_id",
							"value": "3MVG9fe4g9fhX0E5aqHBK6CdKcfnwdAG5SkWPu0KN9zP.ymCIU2eX8O6enjseDQE5O3PehOPWE_7iSm7bHtNw"
						},
						{
							"key": "client_secret",
							"value": "55A3E105FB1C8A818A7C592DECCDABD45D0E5EA6C06233DE127F46A8C5F3AD1A\n"
						},
						{
							"key": "username",
							"value": "dhanuka.shubham@brave-bear-1zteug.com"
						},
						{
							"key": "password",
							"value": "Dhanuka12@hlfGkKHBojlwjpfzaaEF4KbV"
						}
					]
				}
			},
			"response": [
				{
					"name": "Rest Authentication ",
					"originalRequest": {
						"method": "POST",
						"header": [
							{
								"key": "SOAPAction",
								"value": "-",
								"type": "text",
								"disabled": true
							},
							{
								"key": "Content-Type",
								"value": "text/xml",
								"type": "text"
							}
						],
						"body": {
							"mode": "raw",
							"raw": "<?xml version=\"1.0\" encoding=\"utf-8\"?>   \r\n<soapenv:Envelope xmlns:soapenv=\"http://schemas.xmlsoap.org/soap/envelope/\"\r\n   xmlns=\"http://soap.sforce.com/schemas/class/SoapServices\">\r\n  <soapenv:Header>\r\n     <SessionHeader>\r\n        <sessionId>00D5g000004yyFV!AQwAQKi.tyhJEL5Z_UoHpwfkjHogiqOrTYNewqIVlQUi6_lnec5iK1ldNYhFFOKJDgi7M8q3r2N6JBjd27PZ42zUbCAjoI1I</sessionId>\r\n     </SessionHeader>\r\n  </soapenv:Header>\r\n  <soapenv:Body>\r\n     <getRecord>\r\n     </getRecord>\r\n  </soapenv:Body>\r\n</soapenv:Envelope>",
							"options": {
								"raw": {
									"language": "xml"
								}
							}
						},
						"url": {
							"raw": "https://login.salesforce.com/services/oauth2/token?grant_type=password&client_id=3MVG9fe4g9fhX0E5aqHBK6CdKcfnwdAG5SkWPu0KN9zP.ymCIU2eX8O6enjseDQE5O3PehOPWE_7iSm7bHtNw&client_secret=55A3E105FB1C8A818A7C592DECCDABD45D0E5EA6C06233DE127F46A8C5F3AD1A\n&username=dhanuka.shubham@brave-bear-1zteug.com&password=Dhanuka12@hlfGkKHBojlwjpfzaaEF4KbV",
							"protocol": "https",
							"host": [
								"login",
								"salesforce",
								"com"
							],
							"path": [
								"services",
								"oauth2",
								"token"
							],
							"query": [
								{
									"key": "grant_type",
									"value": "password"
								},
								{
									"key": "client_id",
									"value": "3MVG9fe4g9fhX0E5aqHBK6CdKcfnwdAG5SkWPu0KN9zP.ymCIU2eX8O6enjseDQE5O3PehOPWE_7iSm7bHtNw"
								},
								{
									"key": "client_secret",
									"value": "55A3E105FB1C8A818A7C592DECCDABD45D0E5EA6C06233DE127F46A8C5F3AD1A\n"
								},
								{
									"key": "username",
									"value": "dhanuka.shubham@brave-bear-1zteug.com"
								},
								{
									"key": "password",
									"value": "Dhanuka12@hlfGkKHBojlwjpfzaaEF4KbV"
								}
							]
						}
					},
					"status": "OK",
					"code": 200,
					"_postman_previewlanguage": "json",
					"header": [
						{
							"key": "Date",
							"value": "Tue, 18 May 2021 08:51:56 GMT"
						},
						{
							"key": "Strict-Transport-Security",
							"value": "max-age=31536000; includeSubDomains"
						},
						{
							"key": "X-Content-Type-Options",
							"value": "nosniff"
						},
						{
							"key": "X-XSS-Protection",
							"value": "1; mode=block"
						},
						{
							"key": "Cache-Control",
							"value": "no-cache,must-revalidate,max-age=0,no-store,private"
						},
						{
							"key": "Expires",
							"value": "Thu, 01 Jan 1970 00:00:00 GMT"
						},
						{
							"key": "X-ReadOnlyMode",
							"value": "false"
						},
						{
							"key": "Content-Type",
							"value": "application/json;charset=UTF-8"
						},
						{
							"key": "Vary",
							"value": "Accept-Encoding"
						},
						{
							"key": "Content-Encoding",
							"value": "gzip"
						},
						{
							"key": "Transfer-Encoding",
							"value": "chunked"
						}
					],
					"cookie": [],
					"body": "{\n    \"access_token\": \"00D5g000004yyFV!AQwAQGorjmhqQDr.1A5J4hUVRVz6dFmrpBudkFu4ISbcz4Z8JCpYd6p1i0b4H_3T3w95DJMVqsAjy_XEvhmmoE0Rm4Aa4BP.\",\n    \"instance_url\": \"https://brave-bear-1zteug-dev-ed.my.salesforce.com\",\n    \"id\": \"https://login.salesforce.com/id/00D5g000004yyFVEAY/0055g000008Vkb8AAC\",\n    \"token_type\": \"Bearer\",\n    \"issued_at\": \"1621327916985\",\n    \"signature\": \"Tp/58yL0TPN9iJ4Eci3BSlXqG7cBrLbvULJ8tdeOV5A=\"\n}"
				}
			]
		},
		{
			"name": "Rest Authentication  Get Account Info",
			"request": {
				"method": "GET",
				"header": [
					{
						"key": "Authorization",
						"value": "Bearer 00D5g000004yyFV!AQwAQGorjmhqQDr.1A5J4hUVRVz6dFmrpBudkFu4ISbcz4Z8JCpYd6p1i0b4H_3T3w95DJMVqsAjy_XEvhmmoE0Rm4Aa4BP.",
						"type": "text"
					}
				],
				"url": {
					"raw": "https://brave-bear-1zteug-dev-ed.my.salesforce.com/services/data/v50.0/sobjects/Account/0015g00000Cvck8AAB",
					"protocol": "https",
					"host": [
						"brave-bear-1zteug-dev-ed",
						"my",
						"salesforce",
						"com"
					],
					"path": [
						"services",
						"data",
						"v50.0",
						"sobjects",
						"Account",
						"0015g00000Cvck8AAB"
					]
				}
			},
			"response": [
				{
					"name": "Rest Authentication  Get Account Info",
					"originalRequest": {
						"method": "GET",
						"header": [
							{
								"key": "Authorization",
								"value": "Bearer 00D5g000004yyFV!AQwAQGorjmhqQDr.1A5J4hUVRVz6dFmrpBudkFu4ISbcz4Z8JCpYd6p1i0b4H_3T3w95DJMVqsAjy_XEvhmmoE0Rm4Aa4BP.",
								"type": "text"
							}
						],
						"url": {
							"raw": "https://brave-bear-1zteug-dev-ed.my.salesforce.com/services/data/v50.0/sobjects/Account/0015g00000Cvck8AAB",
							"protocol": "https",
							"host": [
								"brave-bear-1zteug-dev-ed",
								"my",
								"salesforce",
								"com"
							],
							"path": [
								"services",
								"data",
								"v50.0",
								"sobjects",
								"Account",
								"0015g00000Cvck8AAB"
							]
						}
					},
					"status": "OK",
					"code": 200,
					"_postman_previewlanguage": "json",
					"header": [
						{
							"key": "Date",
							"value": "Tue, 18 May 2021 09:02:11 GMT"
						},
						{
							"key": "Strict-Transport-Security",
							"value": "max-age=31536002; includeSubDomains"
						},
						{
							"key": "X-Content-Type-Options",
							"value": "nosniff"
						},
						{
							"key": "X-XSS-Protection",
							"value": "1; mode=block"
						},
						{
							"key": "X-Robots-Tag",
							"value": "none"
						},
						{
							"key": "Cache-Control",
							"value": "no-cache,must-revalidate,max-age=0,no-store,private"
						},
						{
							"key": "Sforce-Limit-Info",
							"value": "api-usage=505/15000"
						},
						{
							"key": "ETag",
							"value": "\"gTI7lF2oYMlDxM+gTW1a62nzqxfxxihRqAygUNh9DPs=--gzip\""
						},
						{
							"key": "Last-Modified",
							"value": "Wed, 28 Apr 2021 02:01:45 GMT"
						},
						{
							"key": "Content-Type",
							"value": "application/json;charset=UTF-8"
						},
						{
							"key": "Vary",
							"value": "Accept-Encoding"
						},
						{
							"key": "Content-Encoding",
							"value": "gzip"
						},
						{
							"key": "Transfer-Encoding",
							"value": "chunked"
						}
					],
					"cookie": [],
					"body": "{\n    \"attributes\": {\n        \"type\": \"Account\",\n        \"url\": \"/services/data/v50.0/sobjects/Account/0015g00000Cvck8AAB\"\n    },\n    \"Id\": \"0015g00000Cvck8AAB\",\n    \"IsDeleted\": false,\n    \"MasterRecordId\": null,\n    \"Name\": \"Burlington Textiles Corp of America\",\n    \"Type\": \"Customer - Direct\",\n    \"ParentId\": null,\n    \"BillingStreet\": \"525 S. Lexington Ave\",\n    \"BillingCity\": \"Burlington\",\n    \"BillingState\": \"NC\",\n    \"BillingPostalCode\": \"27215\",\n    \"BillingCountry\": \"USA\",\n    \"BillingLatitude\": null,\n    \"BillingLongitude\": null,\n    \"BillingGeocodeAccuracy\": null,\n    \"BillingAddress\": {\n        \"city\": \"Burlington\",\n        \"country\": \"USA\",\n        \"geocodeAccuracy\": null,\n        \"latitude\": null,\n        \"longitude\": null,\n        \"postalCode\": \"27215\",\n        \"state\": \"NC\",\n        \"street\": \"525 S. Lexington Ave\"\n    },\n    \"ShippingStreet\": null,\n    \"ShippingCity\": null,\n    \"ShippingState\": null,\n    \"ShippingPostalCode\": null,\n    \"ShippingCountry\": null,\n    \"ShippingLatitude\": null,\n    \"ShippingLongitude\": null,\n    \"ShippingGeocodeAccuracy\": null,\n    \"ShippingAddress\": null,\n    \"Phone\": \"(336) 222-7000\",\n    \"Fax\": \"(336) 222-8000\",\n    \"AccountNumber\": \"CD656092\",\n    \"Website\": \"www.burlington.com\",\n    \"PhotoUrl\": \"/services/images/photo/0015g00000Cvck8AAB\",\n    \"Sic\": \"546732\",\n    \"Industry\": \"Apparel\",\n    \"AnnualRevenue\": 350000000,\n    \"NumberOfEmployees\": 9000,\n    \"Ownership\": \"Public\",\n    \"TickerSymbol\": \"BTXT\",\n    \"Description\": null,\n    \"Rating\": \"Warm\",\n    \"Site\": null,\n    \"OwnerId\": \"0055g000008Vkb8AAC\",\n    \"CreatedDate\": \"2021-04-28T02:01:45.000+0000\",\n    \"CreatedById\": \"0055g000008Vkb8AAC\",\n    \"LastModifiedDate\": \"2021-04-28T02:01:45.000+0000\",\n    \"LastModifiedById\": \"0055g000008Vkb8AAC\",\n    \"SystemModstamp\": \"2021-04-28T02:01:45.000+0000\",\n    \"LastActivityDate\": null,\n    \"LastViewedDate\": null,\n    \"LastReferencedDate\": null,\n    \"Jigsaw\": null,\n    \"JigsawCompanyId\": null,\n    \"CleanStatus\": \"Pending\",\n    \"AccountSource\": null,\n    \"DunsNumber\": null,\n    \"Tradestyle\": null,\n    \"NaicsCode\": null,\n    \"NaicsDesc\": null,\n    \"YearStarted\": null,\n    \"SicDesc\": null,\n    \"DandbCompanyId\": null,\n    \"CustomerPriority__c\": null,\n    \"SLA__c\": \"Silver\",\n    \"Active__c\": null,\n    \"NumberofLocations__c\": 6,\n    \"UpsellOpportunity__c\": \"Maybe\",\n    \"SLASerialNumber__c\": \"5367\",\n    \"SLAExpirationDate__c\": \"2020-05-22\"\n}"
				}
			]
		},
		{
			"name": "Rest Authentication  Insert Account Data in XML Format",
			"request": {
				"method": "POST",
				"header": [
					{
						"key": "Authorization",
						"value": "Bearer 00D5g000004yyFV!AQwAQGorjmhqQDr.1A5J4hUVRVz6dFmrpBudkFu4ISbcz4Z8JCpYd6p1i0b4H_3T3w95DJMVqsAjy_XEvhmmoE0Rm4Aa4BP.",
						"type": "text"
					}
				],
				"body": {
					"mode": "raw",
					"raw": "<Account>\r\n<Name>Shubham Is the bosss</Name>\r\n</Account>",
					"options": {
						"raw": {
							"language": "xml"
						}
					}
				},
				"url": {
					"raw": "https://brave-bear-1zteug-dev-ed.my.salesforce.com/services/data/v50.0/sobjects/Account",
					"protocol": "https",
					"host": [
						"brave-bear-1zteug-dev-ed",
						"my",
						"salesforce",
						"com"
					],
					"path": [
						"services",
						"data",
						"v50.0",
						"sobjects",
						"Account"
					]
				}
			},
			"response": [
				{
					"name": "Rest Authentication  Insert Account Data in XML Format",
					"originalRequest": {
						"method": "POST",
						"header": [
							{
								"key": "Authorization",
								"value": "Bearer 00D5g000004yyFV!AQwAQGorjmhqQDr.1A5J4hUVRVz6dFmrpBudkFu4ISbcz4Z8JCpYd6p1i0b4H_3T3w95DJMVqsAjy_XEvhmmoE0Rm4Aa4BP.",
								"type": "text"
							}
						],
						"body": {
							"mode": "raw",
							"raw": "<Account>\r\n<Name>Shubham Is the bosss</Name>\r\n</Account>",
							"options": {
								"raw": {
									"language": "xml"
								}
							}
						},
						"url": {
							"raw": "https://brave-bear-1zteug-dev-ed.my.salesforce.com/services/data/v50.0/sobjects/Account",
							"protocol": "https",
							"host": [
								"brave-bear-1zteug-dev-ed",
								"my",
								"salesforce",
								"com"
							],
							"path": [
								"services",
								"data",
								"v50.0",
								"sobjects",
								"Account"
							]
						}
					},
					"status": "Created",
					"code": 201,
					"_postman_previewlanguage": "json",
					"header": [
						{
							"key": "Date",
							"value": "Tue, 18 May 2021 09:14:19 GMT"
						},
						{
							"key": "Strict-Transport-Security",
							"value": "max-age=31536002; includeSubDomains"
						},
						{
							"key": "X-Content-Type-Options",
							"value": "nosniff"
						},
						{
							"key": "X-XSS-Protection",
							"value": "1; mode=block"
						},
						{
							"key": "X-Robots-Tag",
							"value": "none"
						},
						{
							"key": "Cache-Control",
							"value": "no-cache,must-revalidate,max-age=0,no-store,private"
						},
						{
							"key": "Sforce-Limit-Info",
							"value": "api-usage=511/15000"
						},
						{
							"key": "Location",
							"value": "/services/data/v50.0/sobjects/Account/0015g00000EQIf0AAH"
						},
						{
							"key": "Content-Type",
							"value": "application/json;charset=UTF-8"
						},
						{
							"key": "Vary",
							"value": "Accept-Encoding"
						},
						{
							"key": "Content-Encoding",
							"value": "gzip"
						},
						{
							"key": "Transfer-Encoding",
							"value": "chunked"
						}
					],
					"cookie": [],
					"body": "{\n    \"id\": \"0015g00000EQIf0AAH\",\n    \"success\": true,\n    \"errors\": []\n}"
				}
			]
		},
		{
			"name": "Rest Authentication  Insert Account Data in JSON Format",
			"request": {
				"method": "POST",
				"header": [
					{
						"key": "Authorization",
						"value": "Bearer 00D5g000004yyFV!AQwAQGorjmhqQDr.1A5J4hUVRVz6dFmrpBudkFu4ISbcz4Z8JCpYd6p1i0b4H_3T3w95DJMVqsAjy_XEvhmmoE0Rm4Aa4BP.",
						"type": "text"
					}
				],
				"body": {
					"mode": "raw",
					"raw": "{\r\n    \"Name\": \"Dhanuka is Great boy\"\r\n\r\n}",
					"options": {
						"raw": {
							"language": "json"
						}
					}
				},
				"url": {
					"raw": "https://brave-bear-1zteug-dev-ed.my.salesforce.com/services/data/v50.0/sobjects/Account",
					"protocol": "https",
					"host": [
						"brave-bear-1zteug-dev-ed",
						"my",
						"salesforce",
						"com"
					],
					"path": [
						"services",
						"data",
						"v50.0",
						"sobjects",
						"Account"
					]
				}
			},
			"response": [
				{
					"name": "Rest Authentication  Insert Account Data in JSON Format",
					"originalRequest": {
						"method": "POST",
						"header": [
							{
								"key": "Authorization",
								"value": "Bearer 00D5g000004yyFV!AQwAQGorjmhqQDr.1A5J4hUVRVz6dFmrpBudkFu4ISbcz4Z8JCpYd6p1i0b4H_3T3w95DJMVqsAjy_XEvhmmoE0Rm4Aa4BP.",
								"type": "text"
							}
						],
						"body": {
							"mode": "raw",
							"raw": "{\r\n    \"Name\": \"Dhanuka is Great boy\"\r\n\r\n}",
							"options": {
								"raw": {
									"language": "json"
								}
							}
						},
						"url": {
							"raw": "https://brave-bear-1zteug-dev-ed.my.salesforce.com/services/data/v50.0/sobjects/Account",
							"protocol": "https",
							"host": [
								"brave-bear-1zteug-dev-ed",
								"my",
								"salesforce",
								"com"
							],
							"path": [
								"services",
								"data",
								"v50.0",
								"sobjects",
								"Account"
							]
						}
					},
					"status": "Created",
					"code": 201,
					"_postman_previewlanguage": "json",
					"header": [
						{
							"key": "Date",
							"value": "Tue, 18 May 2021 09:16:23 GMT"
						},
						{
							"key": "Strict-Transport-Security",
							"value": "max-age=31536002; includeSubDomains"
						},
						{
							"key": "X-Content-Type-Options",
							"value": "nosniff"
						},
						{
							"key": "X-XSS-Protection",
							"value": "1; mode=block"
						},
						{
							"key": "X-Robots-Tag",
							"value": "none"
						},
						{
							"key": "Cache-Control",
							"value": "no-cache,must-revalidate,max-age=0,no-store,private"
						},
						{
							"key": "Sforce-Limit-Info",
							"value": "api-usage=513/15000"
						},
						{
							"key": "Location",
							"value": "/services/data/v50.0/sobjects/Account/0015g00000EQIfPAAX"
						},
						{
							"key": "Content-Type",
							"value": "application/json;charset=UTF-8"
						},
						{
							"key": "Vary",
							"value": "Accept-Encoding"
						},
						{
							"key": "Content-Encoding",
							"value": "gzip"
						},
						{
							"key": "Transfer-Encoding",
							"value": "chunked"
						}
					],
					"cookie": [],
					"body": "{\n    \"id\": \"0015g00000EQIfPAAX\",\n    \"success\": true,\n    \"errors\": []\n}"
				}
			]
		},
		{
			"name": "Rest Authentication  Insert custom object Data in JSON Format",
			"request": {
				"method": "POST",
				"header": [
					{
						"key": "Authorization",
						"value": "Bearer 00D5g000004yyFV!AQwAQGorjmhqQDr.1A5J4hUVRVz6dFmrpBudkFu4ISbcz4Z8JCpYd6p1i0b4H_3T3w95DJMVqsAjy_XEvhmmoE0Rm4Aa4BP.",
						"type": "text"
					}
				],
				"body": {
					"mode": "raw",
					"raw": "{\r\n    \"Student_Name__c\": \"Dhanuka\",\r\n    \"School__c\": \"a025g000002w1tDAAQ\"\r\n\r\n\r\n}",
					"options": {
						"raw": {
							"language": "json"
						}
					}
				},
				"url": {
					"raw": "https://brave-bear-1zteug-dev-ed.my.salesforce.com/services/data/v50.0/sobjects/Student__c",
					"protocol": "https",
					"host": [
						"brave-bear-1zteug-dev-ed",
						"my",
						"salesforce",
						"com"
					],
					"path": [
						"services",
						"data",
						"v50.0",
						"sobjects",
						"Student__c"
					]
				}
			},
			"response": [
				{
					"name": "Rest Authentication  Insert custom object Data in JSON Format",
					"originalRequest": {
						"method": "POST",
						"header": [
							{
								"key": "Authorization",
								"value": "Bearer 00D5g000004yyFV!AQwAQGorjmhqQDr.1A5J4hUVRVz6dFmrpBudkFu4ISbcz4Z8JCpYd6p1i0b4H_3T3w95DJMVqsAjy_XEvhmmoE0Rm4Aa4BP.",
								"type": "text"
							}
						],
						"body": {
							"mode": "raw",
							"raw": "{\r\n    \"Student_Name__c\": \"Dhanuka\",\r\n    \"School__c\": \"a025g000002w1tDAAQ\"\r\n\r\n\r\n}",
							"options": {
								"raw": {
									"language": "json"
								}
							}
						},
						"url": {
							"raw": "https://brave-bear-1zteug-dev-ed.my.salesforce.com/services/data/v50.0/sobjects/Student__c",
							"protocol": "https",
							"host": [
								"brave-bear-1zteug-dev-ed",
								"my",
								"salesforce",
								"com"
							],
							"path": [
								"services",
								"data",
								"v50.0",
								"sobjects",
								"Student__c"
							]
						}
					},
					"status": "Created",
					"code": 201,
					"_postman_previewlanguage": "json",
					"header": [
						{
							"key": "Date",
							"value": "Tue, 18 May 2021 11:16:02 GMT"
						},
						{
							"key": "Strict-Transport-Security",
							"value": "max-age=31536002; includeSubDomains"
						},
						{
							"key": "X-Content-Type-Options",
							"value": "nosniff"
						},
						{
							"key": "X-XSS-Protection",
							"value": "1; mode=block"
						},
						{
							"key": "X-Robots-Tag",
							"value": "none"
						},
						{
							"key": "Cache-Control",
							"value": "no-cache,must-revalidate,max-age=0,no-store,private"
						},
						{
							"key": "Sforce-Limit-Info",
							"value": "api-usage=514/15000"
						},
						{
							"key": "Location",
							"value": "/services/data/v50.0/sobjects/Student__c/a015g00000KboibAAB"
						},
						{
							"key": "Content-Type",
							"value": "application/json;charset=UTF-8"
						},
						{
							"key": "Vary",
							"value": "Accept-Encoding"
						},
						{
							"key": "Content-Encoding",
							"value": "gzip"
						},
						{
							"key": "Transfer-Encoding",
							"value": "chunked"
						}
					],
					"cookie": [],
					"body": "{\n    \"id\": \"a015g00000KboibAAB\",\n    \"success\": true,\n    \"errors\": []\n}"
				}
			]
		},
		{
			"name": "Rest Class Exposed and fetch all the data",
			"request": {
				"method": "GET",
				"header": [
					{
						"key": "Authorization",
						"value": "Bearer 00D5g000004yyFV!AQwAQGorjmhqQDr.1A5J4hUVRVz6dFmrpBudkFu4ISbcz4Z8JCpYd6p1i0b4H_3T3w95DJMVqsAjy_XEvhmmoE0Rm4Aa4BP.",
						"type": "text"
					}
				],
				"url": {
					"raw": "https://brave-bear-1zteug-dev-ed.my.salesforce.com/services/apexrest/Student__c",
					"protocol": "https",
					"host": [
						"brave-bear-1zteug-dev-ed",
						"my",
						"salesforce",
						"com"
					],
					"path": [
						"services",
						"apexrest",
						"Student__c"
					]
				}
			},
			"response": [
				{
					"name": "Rest Class Exposed and fetch all the data",
					"originalRequest": {
						"method": "GET",
						"header": [
							{
								"key": "Authorization",
								"value": "Bearer 00D5g000004yyFV!AQwAQGorjmhqQDr.1A5J4hUVRVz6dFmrpBudkFu4ISbcz4Z8JCpYd6p1i0b4H_3T3w95DJMVqsAjy_XEvhmmoE0Rm4Aa4BP.",
								"type": "text"
							}
						],
						"url": {
							"raw": "https://brave-bear-1zteug-dev-ed.my.salesforce.com/services/apexrest/Student__c",
							"protocol": "https",
							"host": [
								"brave-bear-1zteug-dev-ed",
								"my",
								"salesforce",
								"com"
							],
							"path": [
								"services",
								"apexrest",
								"Student__c"
							]
						}
					},
					"status": "OK",
					"code": 200,
					"_postman_previewlanguage": "json",
					"header": [
						{
							"key": "Date",
							"value": "Tue, 18 May 2021 11:29:02 GMT"
						},
						{
							"key": "Strict-Transport-Security",
							"value": "max-age=31536002; includeSubDomains"
						},
						{
							"key": "X-Content-Type-Options",
							"value": "nosniff"
						},
						{
							"key": "X-XSS-Protection",
							"value": "1; mode=block"
						},
						{
							"key": "X-Robots-Tag",
							"value": "none"
						},
						{
							"key": "Cache-Control",
							"value": "no-cache,must-revalidate,max-age=0,no-store,private"
						},
						{
							"key": "Content-Type",
							"value": "application/json;charset=UTF-8"
						},
						{
							"key": "Vary",
							"value": "Accept-Encoding"
						},
						{
							"key": "Content-Encoding",
							"value": "gzip"
						},
						{
							"key": "Transfer-Encoding",
							"value": "chunked"
						}
					],
					"cookie": [],
					"body": "[\n    {\n        \"attributes\": {\n            \"type\": \"Account\",\n            \"url\": \"/services/data/v51.0/sobjects/Account/0015g00000Cvck7AAB\"\n        },\n        \"Id\": \"0015g00000Cvck7AAB\",\n        \"Name\": \"Edge Communications\"\n    },\n    {\n        \"attributes\": {\n            \"type\": \"Account\",\n            \"url\": \"/services/data/v51.0/sobjects/Account/0015g00000Cvck8AAB\"\n        },\n        \"Id\": \"0015g00000Cvck8AAB\",\n        \"Name\": \"Burlington Textiles Corp of America\"\n    },\n    {\n        \"attributes\": {\n            \"type\": \"Account\",\n            \"url\": \"/services/data/v51.0/sobjects/Account/0015g00000Cvck9AAB\"\n        },\n        \"Id\": \"0015g00000Cvck9AAB\",\n        \"Name\": \"Pyramid Construction Inc.\"\n    },\n    {\n        \"attributes\": {\n            \"type\": \"Account\",\n            \"url\": \"/services/data/v51.0/sobjects/Account/0015g00000CvckAAAR\"\n        },\n        \"Id\": \"0015g00000CvckAAAR\",\n        \"Name\": \"Dickenson plc\"\n    },\n    {\n        \"attributes\": {\n            \"type\": \"Account\",\n            \"url\": \"/services/data/v51.0/sobjects/Account/0015g00000CvckBAAR\"\n        },\n        \"Id\": \"0015g00000CvckBAAR\",\n        \"Name\": \"Grand Hotels & Resorts Ltd\"\n    },\n    {\n        \"attributes\": {\n            \"type\": \"Account\",\n            \"url\": \"/services/data/v51.0/sobjects/Account/0015g00000CvckCAAR\"\n        },\n        \"Id\": \"0015g00000CvckCAAR\",\n        \"Name\": \"United Oil & Gas Corp.\"\n    },\n    {\n        \"attributes\": {\n            \"type\": \"Account\",\n            \"url\": \"/services/data/v51.0/sobjects/Account/0015g00000CvckDAAR\"\n        },\n        \"Id\": \"0015g00000CvckDAAR\",\n        \"Name\": \"Express Logistics and Transport\"\n    },\n    {\n        \"attributes\": {\n            \"type\": \"Account\",\n            \"url\": \"/services/data/v51.0/sobjects/Account/0015g00000CvckEAAR\"\n        },\n        \"Id\": \"0015g00000CvckEAAR\",\n        \"Name\": \"University of Arizona\"\n    },\n    {\n        \"attributes\": {\n            \"type\": \"Account\",\n            \"url\": \"/services/data/v51.0/sobjects/Account/0015g00000CvckFAAR\"\n        },\n        \"Id\": \"0015g00000CvckFAAR\",\n        \"Name\": \"United Oil & Gas, UK\"\n    },\n    {\n        \"attributes\": {\n            \"type\": \"Account\",\n            \"url\": \"/services/data/v51.0/sobjects/Account/0015g00000CvckGAAR\"\n        },\n        \"Id\": \"0015g00000CvckGAAR\",\n        \"Name\": \"United Oil & Gas, Singapore\"\n    },\n    {\n        \"attributes\": {\n            \"type\": \"Account\",\n            \"url\": \"/services/data/v51.0/sobjects/Account/0015g00000CvckHAAR\"\n        },\n        \"Id\": \"0015g00000CvckHAAR\",\n        \"Name\": \"GenePoint\"\n    },\n    {\n        \"attributes\": {\n            \"type\": \"Account\",\n            \"url\": \"/services/data/v51.0/sobjects/Account/0015g00000CvckIAAR\"\n        },\n        \"Id\": \"0015g00000CvckIAAR\",\n        \"Name\": \"sForce\"\n    },\n    {\n        \"attributes\": {\n            \"type\": \"Account\",\n            \"url\": \"/services/data/v51.0/sobjects/Account/0015g00000EQIfPAAX\"\n        },\n        \"Id\": \"0015g00000EQIfPAAX\",\n        \"Name\": \"Dhanuka is Great boy\"\n    },\n    {\n        \"attributes\": {\n            \"type\": \"Account\",\n            \"url\": \"/services/data/v51.0/sobjects/Account/0015g00000EQIf0AAH\"\n        },\n        \"Id\": \"0015g00000EQIf0AAH\",\n        \"Name\": \"Shubham Is the bosss\"\n    },\n    {\n        \"attributes\": {\n            \"type\": \"Account\",\n            \"url\": \"/services/data/v51.0/sobjects/Account/0015g00000CkuueAAB\"\n        },\n        \"Id\": \"0015g00000CkuueAAB\",\n        \"Name\": \"Sample Account for Entitlements\"\n    }\n]"
				}
			]
		},
		{
			"name": "Rest Class Exposed and fetch the data",
			"request": {
				"method": "POST",
				"header": [
					{
						"key": "Authorization",
						"value": "Bearer 00D5g000004yyFV!AQwAQGorjmhqQDr.1A5J4hUVRVz6dFmrpBudkFu4ISbcz4Z8JCpYd6p1i0b4H_3T3w95DJMVqsAjy_XEvhmmoE0Rm4Aa4BP.",
						"type": "text"
					}
				],
				"body": {
					"mode": "raw",
					"raw": "{\r\n\"stId\" : \"a015g00000KboibAAB\"\r\n\r\n}",
					"options": {
						"raw": {
							"language": "json"
						}
					}
				},
				"url": {
					"raw": "https://brave-bear-1zteug-dev-ed.my.salesforce.com/services/apexrest/Student__c",
					"protocol": "https",
					"host": [
						"brave-bear-1zteug-dev-ed",
						"my",
						"salesforce",
						"com"
					],
					"path": [
						"services",
						"apexrest",
						"Student__c"
					]
				}
			},
			"response": [
				{
					"name": "Rest Class Exposed and fetch the data",
					"originalRequest": {
						"method": "POST",
						"header": [
							{
								"key": "Authorization",
								"value": "Bearer 00D5g000004yyFV!AQwAQGorjmhqQDr.1A5J4hUVRVz6dFmrpBudkFu4ISbcz4Z8JCpYd6p1i0b4H_3T3w95DJMVqsAjy_XEvhmmoE0Rm4Aa4BP.",
								"type": "text"
							}
						],
						"body": {
							"mode": "raw",
							"raw": "{\r\n\"stId\" : \"a015g00000KboibAAB\"\r\n\r\n}",
							"options": {
								"raw": {
									"language": "json"
								}
							}
						},
						"url": {
							"raw": "https://brave-bear-1zteug-dev-ed.my.salesforce.com/services/apexrest/Student__c",
							"protocol": "https",
							"host": [
								"brave-bear-1zteug-dev-ed",
								"my",
								"salesforce",
								"com"
							],
							"path": [
								"services",
								"apexrest",
								"Student__c"
							]
						}
					},
					"status": "OK",
					"code": 200,
					"_postman_previewlanguage": "json",
					"header": [
						{
							"key": "Date",
							"value": "Tue, 18 May 2021 11:34:45 GMT"
						},
						{
							"key": "Strict-Transport-Security",
							"value": "max-age=31536002; includeSubDomains"
						},
						{
							"key": "X-Content-Type-Options",
							"value": "nosniff"
						},
						{
							"key": "X-XSS-Protection",
							"value": "1; mode=block"
						},
						{
							"key": "X-Robots-Tag",
							"value": "none"
						},
						{
							"key": "Cache-Control",
							"value": "no-cache,must-revalidate,max-age=0,no-store,private"
						},
						{
							"key": "Content-Type",
							"value": "application/json;charset=UTF-8"
						},
						{
							"key": "Vary",
							"value": "Accept-Encoding"
						},
						{
							"key": "Content-Encoding",
							"value": "gzip"
						},
						{
							"key": "Transfer-Encoding",
							"value": "chunked"
						}
					],
					"cookie": [],
					"body": "[\n    {\n        \"attributes\": {\n            \"type\": \"Student__c\",\n            \"url\": \"/services/data/v51.0/sobjects/Student__c/a015g00000KboibAAB\"\n        },\n        \"Id\": \"a015g00000KboibAAB\",\n        \"Name\": \"St-0012\"\n    }\n]"
				}
			]
		}
	]
}